category,sessions,page_view_sessions,add_to_cart_sessions,checkout_sessions,purchase_sessions,session_to_purchase_cr,view_to_cart_cr,cart_to_checkout_cr,checkout_to_purchase_cr
Beauty,18521,18521,13073,7247,5421,0.2926947788996275,0.7058474164461962,0.554348657538438,0.748033669104457
Books,21033,21033,15210,8443,6339,0.301383540151191,0.7231493367565255,0.555095332018409,0.7507994788582257
Electronics,12747,12747,7298,3933,2948,0.23127010276927903,0.5725268690672315,0.5389147711701836,0.7495550470378846
Fashion,16391,16391,11050,6063,4556,0.2779574156549326,0.6741504484168142,0.5486877828054298,0.7514431799439222
Home & Kitchen,16080,16080,10730,5927,4392,0.27313432835820894,0.6672885572139303,0.55237651444548,0.7410156909060233
Sports,15449,15449,10088,5597,4149,0.2685610719140397,0.65298724836559,0.5548176050753371,0.7412899767732714
Toys,19779,19779,14069,7699,5775,0.2919763385408767,0.7113099752262501,0.5472315018835738,0.7500974152487336
