category,sessions,purchases,purchase_cr,non_purchase_sessions,loss_share_total_sessions,loss_share_total_non_purchases
Electronics,12747,2948,0.23127010276927903,9799,0.08165833333333333,0.11338810460541542
Sports,15449,4149,0.2685610719140397,11300,0.09416666666666666,0.13075676926637353
Home & Kitchen,16080,4392,0.27313432835820894,11688,0.0974,0.13524647072436935
Fashion,16391,4556,0.2779574156549326,11835,0.098625,0.13694746586438325
Toys,19779,5775,0.2919763385408767,14004,0.1167,0.16204582272622078
Beauty,18521,5421,0.2926947788996275,13100,0.10916666666666666,0.1515852811849109
Books,21033,6339,0.301383540151191,14694,0.12245,0.17003008562832678
