device,sessions,page_view_sessions,add_to_cart_sessions,checkout_sessions,purchase_sessions,session_to_purchase_cr,view_to_cart_cr,cart_to_checkout_cr,checkout_to_purchase_cr
desktop,45547,45547,30990,17069,12750,0.27993062111664874,0.6803960743847015,0.5507905776056793,0.7469681879430546
mobile,65942,65942,44800,24695,18469,0.28007946377119286,0.6793849140153468,0.5512276785714286,0.7478841870824053
tablet,8511,8511,5728,3145,2361,0.2774057102573141,0.6730113970156268,0.5490572625698324,0.7507154213036566
