device,sessions,purchases,purchase_cr,non_purchase_sessions,loss_share_total_sessions,loss_share_total_non_purchases
tablet,8511,2361,0.2774057102573141,6150,0.05125,0.07116408238833603
desktop,45547,12750,0.27993062111664874,32797,0.2733083333333333,0.37950705855126127
mobile,65942,18469,0.28007946377119286,47473,0.39560833333333334,0.5493288590604026
