step,sessions,conversion_from_prev,conversion_from_start,drop_from_prev_abs,drop_from_prev_pct
session,120000,1.0,1.0,0.0,0.0
page_view,120000,1.0,1.0,0.0,0.0
add_to_cart,81518,0.6793166666666667,0.6793166666666667,38482.0,0.3206833333333333
checkout,44909,0.5509090016928776,0.37424166666666664,36609.0,0.4490909983071224
purchase,33580,0.7477343071544679,0.2798333333333333,11329.0,0.25226569284553213
