source,sessions,page_view_sessions,add_to_cart_sessions,checkout_sessions,purchase_sessions,session_to_purchase_cr,view_to_cart_cr,cart_to_checkout_cr,checkout_to_purchase_cr
direct,29861,29861,20380,11269,8387,0.2808680218344998,0.6824955627741871,0.5529440628066732,0.7442541485491171
email,10949,10949,7412,4111,3056,0.27911224769385334,0.6769567997077358,0.5546411225040475,0.7433714424714182
organic,40776,40776,27580,15137,11268,0.2763390229546792,0.6763782617225819,0.5488397389412618,0.7444011362885644
paid,14465,14465,9854,5442,4121,0.2848945731075009,0.6812305565157276,0.5522630403896894,0.7572583608967292
referral,9560,9560,6513,3574,2724,0.2849372384937239,0.681276150627615,0.5487486565330877,0.7621712367095691
social,14389,14389,9779,5376,4024,0.2796580721384391,0.6796163736187365,0.5497494631352899,0.7485119047619048
