source,sessions,purchases,purchase_cr,non_purchase_sessions,loss_share_total_sessions,loss_share_total_non_purchases
organic,40776,11268,0.2763390229546792,29508,0.2459,0.3414487387178894
email,10949,3056,0.27911224769385334,7893,0.065775,0.09133302476278639
social,14389,4024,0.2796580721384391,10365,0.086375,0.11993751446424439
direct,29861,8387,0.2808680218344998,21474,0.17895,0.2484841471881509
paid,14465,4121,0.2848945731075009,10344,0.0862,0.11969451515852812
referral,9560,2724,0.2849372384937239,6836,0.056966666666666665,0.07910205970840083
