user_type,sessions,page_view_sessions,add_to_cart_sessions,checkout_sessions,purchase_sessions,session_to_purchase_cr,view_to_cart_cr,cart_to_checkout_cr,checkout_to_purchase_cr
new,53,53,38,23,18,0.33962264150943394,0.7169811320754716,0.6052631578947368,0.782608695652174
returning,119947,119947,81480,44886,33562,0.2798069147206683,0.679300024177345,0.5508836524300442,0.7477164371964532
